<?xml version="1.0" encoding="UTF-8"?>
<beans xmlns="http://www.springframework.org/schema/beans"
	xmlns:mvc="http://www.springframework.org/schema/mvc" 
	xmlns:tx="http://www.springframework.org/schema/tx"
	xmlns:xsi="http://www.w3.org/2001/XMLSchema-instance"
	xmlns:p="http://www.springframework.org/schema/p" 
	xmlns:context="http://www.springframework.org/schema/context"
	xmlns:aop="http://www.springframework.org/schema/aop"
	xsi:schemaLocation="
        http://www.springframework.org/schema/beans
        http://www.springframework.org/schema/beans/spring-beans.xsd
        http://www.springframework.org/schema/tx
        http://www.springframework.org/schema/tx/spring-tx.xsd
        http://www.springframework.org/schema/mvc
        http://www.springframework.org/schema/mvc/spring-mvc.xsd
        http://www.springframework.org/schema/aop
        http://www.springframework.org/schema/aop/spring-aop.xsd
        http://www.springframework.org/schema/context
        http://www.springframework.org/schema/context/spring-context.xsd">
        
        <!-- 配置事务管理器 -->
	<bean id="transactionManager" class="org.springframework.jdbc.datasource.DataSourceTransactionManager">
		<property name="dataSource" ref="dataSource"/>
	</bean>
	
	<!-- 配置事务管理通知 -->
	<tx:advice id="txAdvice" transaction-manager="transactionManager">
		<tx:attributes>
			<tx:method name="add*" propagation="REQUIRED" rollback-for="Throwable"/>
			<tx:method name="delete*" propagation="REQUIRED" rollback-for="Throwable"/>
			<tx:method name="update*" propagation="REQUIRED" rollback-for="Throwable"/>
			<tx:method name="insert*" propagation="REQUIRED" rollback-for="Throwable"/>
			<tx:method name="save*" propagation="REQUIRED" rollback-for="Throwable"/>
			<tx:method name="query*" propagation="SUPPORTS" read-only="true"/>
			<tx:method name="find*" propagation="SUPPORTS" read-only="true"/>
		</tx:attributes>
	</tx:advice>
	
	<!-- 面向切面切入事务管理 -->
	<aop:config>
		<aop:advisor advice-ref="txAdvice" pointcut="execution(* service.impl.*.*(..))"/>
	</aop:config>
</beans>